Postcode,State
0800,7: Northern Territory
0810,7: Northern Territory
0812,7: Northern Territory
0820,7: Northern Territory
0822,7: Northern Territory
0828,7: Northern Territory
0829,7: Northern Territory
0830,7: Northern Territory
0832,7: Northern Territory
0834,7: Northern Territory
0835,7: Northern Territory
0836,7: Northern Territory
0837,7: Northern Territory
0838,7: Northern Territory
0839,7: Northern Territory
0840,7: Northern Territory
0841,7: Northern Territory
0845,7: Northern Territory
0846,7: Northern Territory
0847,7: Northern Territory
0850,7: Northern Territory
0852,7: Northern Territory
0853,7: Northern Territory
0854,7: Northern Territory
0860,7: Northern Territory
0862,7: Northern Territory
0870,7: Northern Territory
0872,7: Northern Territory
0873,7: Northern Territory
0874,7: Northern Territory
0875,7: Northern Territory
0880,7: Northern Territory
0885,7: Northern Territory
0886,7: Northern Territory
2000,1: New South Wales
2007,1: New South Wales
2008,1: New South Wales
2009,1: New South Wales
2010,1: New South Wales
2011,1: New South Wales
2015,1: New South Wales
2016,1: New South Wales
2017,1: New South Wales
2018,1: New South Wales
2019,1: New South Wales
2020,1: New South Wales
2021,1: New South Wales
2022,1: New South Wales
2023,1: New South Wales
2024,1: New South Wales
2025,1: New South Wales
2026,1: New South Wales
2027,1: New South Wales
2028,1: New South Wales
2029,1: New South Wales
2030,1: New South Wales
2031,1: New South Wales
2032,1: New South Wales
2033,1: New South Wales
2034,1: New South Wales
2035,1: New South Wales
2036,1: New South Wales
2037,1: New South Wales
2038,1: New South Wales
2039,1: New South Wales
2040,1: New South Wales
2041,1: New South Wales
2042,1: New South Wales
2043,1: New South Wales
2044,1: New South Wales
2045,1: New South Wales
2046,1: New South Wales
2047,1: New South Wales
2048,1: New South Wales
2049,1: New South Wales
2050,1: New South Wales
2060,1: New South Wales
2061,1: New South Wales
2062,1: New South Wales
2063,1: New South Wales
2064,1: New South Wales
2065,1: New South Wales
2066,1: New South Wales
2067,1: New South Wales
2068,1: New South Wales
2069,1: New South Wales
2070,1: New South Wales
2071,1: New South Wales
2072,1: New South Wales
2073,1: New South Wales
2074,1: New South Wales
2075,1: New South Wales
2076,1: New South Wales
2077,1: New South Wales
2079,1: New South Wales
2080,1: New South Wales
2081,1: New South Wales
2082,1: New South Wales
2083,1: New South Wales
2084,1: New South Wales
2085,1: New South Wales
2086,1: New South Wales
2087,1: New South Wales
2088,1: New South Wales
2089,1: New South Wales
2090,1: New South Wales
2092,1: New South Wales
2093,1: New South Wales
2094,1: New South Wales
2095,1: New South Wales
2096,1: New South Wales
2097,1: New South Wales
2099,1: New South Wales
2100,1: New South Wales
2101,1: New South Wales
2102,1: New South Wales
2103,1: New South Wales
2104,1: New South Wales
2105,1: New South Wales
2106,1: New South Wales
2107,1: New South Wales
2108,1: New South Wales
2110,1: New South Wales
2111,1: New South Wales
2112,1: New South Wales
2113,1: New South Wales
2114,1: New South Wales
2115,1: New South Wales
2116,1: New South Wales
2117,1: New South Wales
2118,1: New South Wales
2119,1: New South Wales
2120,1: New South Wales
2121,1: New South Wales
2122,1: New South Wales
2125,1: New South Wales
2126,1: New South Wales
2127,1: New South Wales
2128,1: New South Wales
2130,1: New South Wales
2131,1: New South Wales
2132,1: New South Wales
2133,1: New South Wales
2134,1: New South Wales
2135,1: New South Wales
2136,1: New South Wales
2137,1: New South Wales
2138,1: New South Wales
2140,1: New South Wales
2141,1: New South Wales
2142,1: New South Wales
2143,1: New South Wales
2144,1: New South Wales
2145,1: New South Wales
2146,1: New South Wales
2147,1: New South Wales
2148,1: New South Wales
2150,1: New South Wales
2151,1: New South Wales
2152,1: New South Wales
2153,1: New South Wales
2154,1: New South Wales
2155,1: New South Wales
2156,1: New South Wales
2157,1: New South Wales
2158,1: New South Wales
2159,1: New South Wales
2160,1: New South Wales
2161,1: New South Wales
2162,1: New South Wales
2163,1: New South Wales
2164,1: New South Wales
2165,1: New South Wales
2166,1: New South Wales
2167,1: New South Wales
2168,1: New South Wales
2170,1: New South Wales
2171,1: New South Wales
2172,1: New South Wales
2173,1: New South Wales
2174,1: New South Wales
2175,1: New South Wales
2176,1: New South Wales
2177,1: New South Wales
2178,1: New South Wales
2179,1: New South Wales
2190,1: New South Wales
2191,1: New South Wales
2192,1: New South Wales
2193,1: New South Wales
2194,1: New South Wales
2195,1: New South Wales
2196,1: New South Wales
2197,1: New South Wales
2198,1: New South Wales
2199,1: New South Wales
2200,1: New South Wales
2203,1: New South Wales
2204,1: New South Wales
2205,1: New South Wales
2206,1: New South Wales
2207,1: New South Wales
2208,1: New South Wales
2209,1: New South Wales
2210,1: New South Wales
2211,1: New South Wales
2212,1: New South Wales
2213,1: New South Wales
2214,1: New South Wales
2216,1: New South Wales
2217,1: New South Wales
2218,1: New South Wales
2219,1: New South Wales
2220,1: New South Wales
2221,1: New South Wales
2222,1: New South Wales
2223,1: New South Wales
2224,1: New South Wales
2225,1: New South Wales
2226,1: New South Wales
2227,1: New South Wales
2228,1: New South Wales
2229,1: New South Wales
2230,1: New South Wales
2231,1: New South Wales
2232,1: New South Wales
2233,1: New South Wales
2234,1: New South Wales
2250,1: New South Wales
2251,1: New South Wales
2256,1: New South Wales
2257,1: New South Wales
2258,1: New South Wales
2259,1: New South Wales
2260,1: New South Wales
2261,1: New South Wales
2262,1: New South Wales
2263,1: New South Wales
2264,1: New South Wales
2265,1: New South Wales
2267,1: New South Wales
2278,1: New South Wales
2280,1: New South Wales
2281,1: New South Wales
2282,1: New South Wales
2283,1: New South Wales
2284,1: New South Wales
2285,1: New South Wales
2286,1: New South Wales
2287,1: New South Wales
2289,1: New South Wales
2290,1: New South Wales
2291,1: New South Wales
2292,1: New South Wales
2293,1: New South Wales
2294,1: New South Wales
2295,1: New South Wales
2296,1: New South Wales
2297,1: New South Wales
2298,1: New South Wales
2299,1: New South Wales
2300,1: New South Wales
2302,1: New South Wales
2303,1: New South Wales
2304,1: New South Wales
2305,1: New South Wales
2306,1: New South Wales
2307,1: New South Wales
2308,1: New South Wales
2311,1: New South Wales
2312,1: New South Wales
2315,1: New South Wales
2316,1: New South Wales
2317,1: New South Wales
2318,1: New South Wales
2319,1: New South Wales
2320,1: New South Wales
2321,1: New South Wales
2322,1: New South Wales
2323,1: New South Wales
2324,1: New South Wales
2325,1: New South Wales
2326,1: New South Wales
2327,1: New South Wales
2328,1: New South Wales
2329,1: New South Wales
2330,1: New South Wales
2331,1: New South Wales
2333,1: New South Wales
2334,1: New South Wales
2335,1: New South Wales
2336,1: New South Wales
2337,1: New South Wales
2338,1: New South Wales
2339,1: New South Wales
2340,1: New South Wales
2341,1: New South Wales
2342,1: New South Wales
2343,1: New South Wales
2344,1: New South Wales
2345,1: New South Wales
2346,1: New South Wales
2347,1: New South Wales
2350,1: New South Wales
2352,1: New South Wales
2353,1: New South Wales
2354,1: New South Wales
2355,1: New South Wales
2356,1: New South Wales
2357,1: New South Wales
2358,1: New South Wales
2359,1: New South Wales
2360,1: New South Wales
2361,1: New South Wales
2365,1: New South Wales
2369,1: New South Wales
2370,1: New South Wales
2371,1: New South Wales
2372,1: New South Wales
2379,1: New South Wales
2380,1: New South Wales
2381,1: New South Wales
2382,1: New South Wales
2386,1: New South Wales
2387,1: New South Wales
2388,1: New South Wales
2390,1: New South Wales
2395,1: New South Wales
2396,1: New South Wales
2397,1: New South Wales
2398,1: New South Wales
2399,1: New South Wales
2400,1: New South Wales
2401,1: New South Wales
2402,1: New South Wales
2403,1: New South Wales
2404,1: New South Wales
2405,1: New South Wales
2406,1: New South Wales
2408,1: New South Wales
2409,1: New South Wales
2410,1: New South Wales
2411,1: New South Wales
2415,1: New South Wales
2420,1: New South Wales
2421,1: New South Wales
2422,1: New South Wales
2423,1: New South Wales
2424,1: New South Wales
2425,1: New South Wales
2426,1: New South Wales
2427,1: New South Wales
2428,1: New South Wales
2429,1: New South Wales
2430,1: New South Wales
2431,1: New South Wales
2439,1: New South Wales
2440,1: New South Wales
2441,1: New South Wales
2443,1: New South Wales
2444,1: New South Wales
2445,1: New South Wales
2446,1: New South Wales
2447,1: New South Wales
2448,1: New South Wales
2449,1: New South Wales
2450,1: New South Wales
2452,1: New South Wales
2453,1: New South Wales
2454,1: New South Wales
2455,1: New South Wales
2456,1: New South Wales
2460,1: New South Wales
2462,1: New South Wales
2463,1: New South Wales
2464,1: New South Wales
2465,1: New South Wales
2466,1: New South Wales
2469,1: New South Wales
2470,1: New South Wales
2471,1: New South Wales
2472,1: New South Wales
2473,1: New South Wales
2474,1: New South Wales
2475,1: New South Wales
2476,1: New South Wales
2477,1: New South Wales
2478,1: New South Wales
2479,1: New South Wales
2480,1: New South Wales
2481,1: New South Wales
2482,1: New South Wales
2483,1: New South Wales
2484,1: New South Wales
2485,1: New South Wales
2486,1: New South Wales
2487,1: New South Wales
2488,1: New South Wales
2489,1: New South Wales
2490,1: New South Wales
2500,1: New South Wales
2502,1: New South Wales
2505,1: New South Wales
2506,1: New South Wales
2508,1: New South Wales
2515,1: New South Wales
2516,1: New South Wales
2517,1: New South Wales
2518,1: New South Wales
2519,1: New South Wales
2525,1: New South Wales
2526,1: New South Wales
2527,1: New South Wales
2528,1: New South Wales
2529,1: New South Wales
2530,1: New South Wales
2533,1: New South Wales
2534,1: New South Wales
2535,1: New South Wales
2536,1: New South Wales
2537,1: New South Wales
2538,1: New South Wales
2539,1: New South Wales
2540,1: New South Wales
2541,1: New South Wales
2545,1: New South Wales
2546,1: New South Wales
2548,1: New South Wales
2549,1: New South Wales
2550,1: New South Wales
2551,1: New South Wales
2555,1: New South Wales
2556,1: New South Wales
2557,1: New South Wales
2558,1: New South Wales
2559,1: New South Wales
2560,1: New South Wales
2563,1: New South Wales
2564,1: New South Wales
2565,1: New South Wales
2566,1: New South Wales
2567,1: New South Wales
2568,1: New South Wales
2569,1: New South Wales
2570,1: New South Wales
2571,1: New South Wales
2572,1: New South Wales
2573,1: New South Wales
2574,1: New South Wales
2575,1: New South Wales
2576,1: New South Wales
2577,1: New South Wales
2578,1: New South Wales
2579,1: New South Wales
2580,1: New South Wales
2581,1: New South Wales
2582,1: New South Wales
2583,1: New South Wales
2584,1: New South Wales
2585,1: New South Wales
2586,1: New South Wales
2587,1: New South Wales
2588,1: New South Wales
2590,1: New South Wales
2594,1: New South Wales
2600,8: Australian Capital Territory
2601,8: Australian Capital Territory
2602,8: Australian Capital Territory
2603,8: Australian Capital Territory
2604,8: Australian Capital Territory
2605,8: Australian Capital Territory
2606,8: Australian Capital Territory
2607,8: Australian Capital Territory
2609,8: Australian Capital Territory
2611,8: Australian Capital Territory
2612,8: Australian Capital Territory
2614,8: Australian Capital Territory
2615,8: Australian Capital Territory
2617,8: Australian Capital Territory
2618,8: Australian Capital Territory
2619,1: New South Wales
2620,1: New South Wales
2621,1: New South Wales
2622,1: New South Wales
2623,1: New South Wales
2624,1: New South Wales
2625,1: New South Wales
2626,1: New South Wales
2627,1: New South Wales
2628,1: New South Wales
2629,1: New South Wales
2630,1: New South Wales
2631,1: New South Wales
2632,1: New South Wales
2633,1: New South Wales
2640,1: New South Wales
2641,1: New South Wales
2642,1: New South Wales
2643,1: New South Wales
2644,1: New South Wales
2645,1: New South Wales
2646,1: New South Wales
2647,1: New South Wales
2648,1: New South Wales
2649,1: New South Wales
2650,1: New South Wales
2651,1: New South Wales
2652,1: New South Wales
2653,1: New South Wales
2655,1: New South Wales
2656,1: New South Wales
2658,1: New South Wales
2659,1: New South Wales
2660,1: New South Wales
2661,1: New South Wales
2663,1: New South Wales
2665,1: New South Wales
2666,1: New South Wales
2668,1: New South Wales
2669,1: New South Wales
2671,1: New South Wales
2672,1: New South Wales
2675,1: New South Wales
2678,1: New South Wales
2680,1: New South Wales
2681,1: New South Wales
2700,1: New South Wales
2701,1: New South Wales
2702,1: New South Wales
2703,1: New South Wales
2705,1: New South Wales
2706,1: New South Wales
2707,1: New South Wales
2710,1: New South Wales
2711,1: New South Wales
2712,1: New South Wales
2713,1: New South Wales
2714,1: New South Wales
2715,1: New South Wales
2716,1: New South Wales
2717,1: New South Wales
2720,1: New South Wales
2721,1: New South Wales
2722,1: New South Wales
2725,1: New South Wales
2726,1: New South Wales
2727,1: New South Wales
2729,1: New South Wales
2730,1: New South Wales
2731,1: New South Wales
2732,1: New South Wales
2733,1: New South Wales
2734,1: New South Wales
2735,1: New South Wales
2736,1: New South Wales
2737,1: New South Wales
2738,1: New South Wales
2739,1: New South Wales
2745,1: New South Wales
2747,1: New South Wales
2748,1: New South Wales
2749,1: New South Wales
2750,1: New South Wales
2752,1: New South Wales
2753,1: New South Wales
2754,1: New South Wales
2756,1: New South Wales
2757,1: New South Wales
2758,1: New South Wales
2759,1: New South Wales
2760,1: New South Wales
2761,1: New South Wales
2762,1: New South Wales
2763,1: New South Wales
2765,1: New South Wales
2766,1: New South Wales
2767,1: New South Wales
2768,1: New South Wales
2769,1: New South Wales
2770,1: New South Wales
2773,1: New South Wales
2774,1: New South Wales
2775,1: New South Wales
2776,1: New South Wales
2777,1: New South Wales
2778,1: New South Wales
2779,1: New South Wales
2780,1: New South Wales
2782,1: New South Wales
2783,1: New South Wales
2784,1: New South Wales
2785,1: New South Wales
2786,1: New South Wales
2787,1: New South Wales
2790,1: New South Wales
2791,1: New South Wales
2792,1: New South Wales
2793,1: New South Wales
2794,1: New South Wales
2795,1: New South Wales
2797,1: New South Wales
2798,1: New South Wales
2799,1: New South Wales
2800,1: New South Wales
2803,1: New South Wales
2804,1: New South Wales
2805,1: New South Wales
2806,1: New South Wales
2807,1: New South Wales
2808,1: New South Wales
2809,1: New South Wales
2810,1: New South Wales
2817,1: New South Wales
2818,1: New South Wales
2820,1: New South Wales
2821,1: New South Wales
2822,1: New South Wales
2823,1: New South Wales
2824,1: New South Wales
2825,1: New South Wales
2826,1: New South Wales
2827,1: New South Wales
2828,1: New South Wales
2829,1: New South Wales
2830,1: New South Wales
2831,1: New South Wales
2832,1: New South Wales
2833,1: New South Wales
2834,1: New South Wales
2835,1: New South Wales
2836,1: New South Wales
2838,1: New South Wales
2839,1: New South Wales
2840,1: New South Wales
2842,1: New South Wales
2843,1: New South Wales
2844,1: New South Wales
2845,1: New South Wales
2846,1: New South Wales
2847,1: New South Wales
2848,1: New South Wales
2849,1: New South Wales
2850,1: New South Wales
2852,1: New South Wales
2864,1: New South Wales
2865,1: New South Wales
2866,1: New South Wales
2867,1: New South Wales
2868,1: New South Wales
2869,1: New South Wales
2870,1: New South Wales
2871,1: New South Wales
2873,1: New South Wales
2874,1: New South Wales
2875,1: New South Wales
2876,1: New South Wales
2877,1: New South Wales
2878,1: New South Wales
2879,1: New South Wales
2880,1: New South Wales
2898,1: New South Wales
2899,9: Other Territories
2900,8: Australian Capital Territory
2902,8: Australian Capital Territory
2903,8: Australian Capital Territory
2904,8: Australian Capital Territory
2905,8: Australian Capital Territory
2906,8: Australian Capital Territory
2911,8: Australian Capital Territory
2912,8: Australian Capital Territory
2913,8: Australian Capital Territory
2914,8: Australian Capital Territory
3000,2: Victoria
3002,2: Victoria
3003,2: Victoria
3004,2: Victoria
3006,2: Victoria
3008,2: Victoria
3011,2: Victoria
3012,2: Victoria
3013,2: Victoria
3015,2: Victoria
3016,2: Victoria
3018,2: Victoria
3019,2: Victoria
3020,2: Victoria
3021,2: Victoria
3022,2: Victoria
3023,2: Victoria
3024,2: Victoria
3025,2: Victoria
3026,2: Victoria
3027,2: Victoria
3028,2: Victoria
3029,2: Victoria
3030,2: Victoria
3031,2: Victoria
3032,2: Victoria
3033,2: Victoria
3034,2: Victoria
3036,2: Victoria
3037,2: Victoria
3038,2: Victoria
3039,2: Victoria
3040,2: Victoria
3041,2: Victoria
3042,2: Victoria
3043,2: Victoria
3044,2: Victoria
3045,2: Victoria
3046,2: Victoria
3047,2: Victoria
3048,2: Victoria
3049,2: Victoria
3051,2: Victoria
3052,2: Victoria
3053,2: Victoria
3054,2: Victoria
3055,2: Victoria
3056,2: Victoria
3057,2: Victoria
3058,2: Victoria
3059,2: Victoria
3060,2: Victoria
3061,2: Victoria
3062,2: Victoria
3063,2: Victoria
3064,2: Victoria
3065,2: Victoria
3066,2: Victoria
3067,2: Victoria
3068,2: Victoria
3070,2: Victoria
3071,2: Victoria
3072,2: Victoria
3073,2: Victoria
3074,2: Victoria
3075,2: Victoria
3076,2: Victoria
3078,2: Victoria
3079,2: Victoria
3081,2: Victoria
3082,2: Victoria
3083,2: Victoria
3084,2: Victoria
3085,2: Victoria
3087,2: Victoria
3088,2: Victoria
3089,2: Victoria
3090,2: Victoria
3091,2: Victoria
3093,2: Victoria
3094,2: Victoria
3095,2: Victoria
3096,2: Victoria
3097,2: Victoria
3099,2: Victoria
3101,2: Victoria
3102,2: Victoria
3103,2: Victoria
3104,2: Victoria
3105,2: Victoria
3106,2: Victoria
3107,2: Victoria
3108,2: Victoria
3109,2: Victoria
3111,2: Victoria
3113,2: Victoria
3114,2: Victoria
3115,2: Victoria
3116,2: Victoria
3121,2: Victoria
3122,2: Victoria
3123,2: Victoria
3124,2: Victoria
3125,2: Victoria
3126,2: Victoria
3127,2: Victoria
3128,2: Victoria
3129,2: Victoria
3130,2: Victoria
3131,2: Victoria
3132,2: Victoria
3133,2: Victoria
3134,2: Victoria
3135,2: Victoria
3136,2: Victoria
3137,2: Victoria
3138,2: Victoria
3139,2: Victoria
3140,2: Victoria
3141,2: Victoria
3142,2: Victoria
3143,2: Victoria
3144,2: Victoria
3145,2: Victoria
3146,2: Victoria
3147,2: Victoria
3148,2: Victoria
3149,2: Victoria
3150,2: Victoria
3151,2: Victoria
3152,2: Victoria
3153,2: Victoria
3154,2: Victoria
3155,2: Victoria
3156,2: Victoria
3158,2: Victoria
3159,2: Victoria
3160,2: Victoria
3161,2: Victoria
3162,2: Victoria
3163,2: Victoria
3165,2: Victoria
3166,2: Victoria
3167,2: Victoria
3168,2: Victoria
3169,2: Victoria
3170,2: Victoria
3171,2: Victoria
3172,2: Victoria
3173,2: Victoria
3174,2: Victoria
3175,2: Victoria
3177,2: Victoria
3178,2: Victoria
3179,2: Victoria
3180,2: Victoria
3181,2: Victoria
3182,2: Victoria
3183,2: Victoria
3184,2: Victoria
3185,2: Victoria
3186,2: Victoria
3187,2: Victoria
3188,2: Victoria
3189,2: Victoria
3190,2: Victoria
3191,2: Victoria
3192,2: Victoria
3193,2: Victoria
3194,2: Victoria
3195,2: Victoria
3196,2: Victoria
3197,2: Victoria
3198,2: Victoria
3199,2: Victoria
3200,2: Victoria
3201,2: Victoria
3202,2: Victoria
3204,2: Victoria
3205,2: Victoria
3206,2: Victoria
3207,2: Victoria
3211,2: Victoria
3212,2: Victoria
3213,2: Victoria
3214,2: Victoria
3215,2: Victoria
3216,2: Victoria
3217,2: Victoria
3218,2: Victoria
3219,2: Victoria
3220,2: Victoria
3221,2: Victoria
3222,2: Victoria
3223,2: Victoria
3224,2: Victoria
3225,2: Victoria
3226,2: Victoria
3227,2: Victoria
3228,2: Victoria
3230,2: Victoria
3231,2: Victoria
3232,2: Victoria
3233,2: Victoria
3234,2: Victoria
3235,2: Victoria
3236,2: Victoria
3237,2: Victoria
3238,2: Victoria
3239,2: Victoria
3240,2: Victoria
3241,2: Victoria
3242,2: Victoria
3243,2: Victoria
3249,2: Victoria
3250,2: Victoria
3251,2: Victoria
3254,2: Victoria
3260,2: Victoria
3264,2: Victoria
3265,2: Victoria
3266,2: Victoria
3267,2: Victoria
3268,2: Victoria
3269,2: Victoria
3270,2: Victoria
3271,2: Victoria
3272,2: Victoria
3273,2: Victoria
3274,2: Victoria
3275,2: Victoria
3276,2: Victoria
3277,2: Victoria
3278,2: Victoria
3279,2: Victoria
3280,2: Victoria
3281,2: Victoria
3282,2: Victoria
3283,2: Victoria
3284,2: Victoria
3285,2: Victoria
3286,2: Victoria
3287,2: Victoria
3289,2: Victoria
3292,2: Victoria
3293,2: Victoria
3294,2: Victoria
3300,2: Victoria
3301,2: Victoria
3302,2: Victoria
3303,2: Victoria
3304,2: Victoria
3305,2: Victoria
3309,2: Victoria
3310,2: Victoria
3311,2: Victoria
3312,2: Victoria
3314,2: Victoria
3315,2: Victoria
3317,2: Victoria
3318,2: Victoria
3319,2: Victoria
3321,2: Victoria
3322,2: Victoria
3323,2: Victoria
3324,2: Victoria
3325,2: Victoria
3328,2: Victoria
3329,2: Victoria
3330,2: Victoria
3331,2: Victoria
3332,2: Victoria
3333,2: Victoria
3334,2: Victoria
3335,2: Victoria
3336,2: Victoria
3337,2: Victoria
3338,2: Victoria
3340,2: Victoria
3341,2: Victoria
3342,2: Victoria
3345,2: Victoria
3350,2: Victoria
3351,2: Victoria
3352,2: Victoria
3355,2: Victoria
3356,2: Victoria
3357,2: Victoria
3358,2: Victoria
3360,2: Victoria
3361,2: Victoria
3363,2: Victoria
3364,2: Victoria
3370,2: Victoria
3371,2: Victoria
3373,2: Victoria
3374,2: Victoria
3375,2: Victoria
3377,2: Victoria
3378,2: Victoria
3379,2: Victoria
3380,2: Victoria
3381,2: Victoria
3384,2: Victoria
3385,2: Victoria
3387,2: Victoria
3388,2: Victoria
3390,2: Victoria
3391,2: Victoria
3392,2: Victoria
3393,2: Victoria
3395,2: Victoria
3396,2: Victoria
3400,2: Victoria
3401,2: Victoria
3407,2: Victoria
3409,2: Victoria
3412,2: Victoria
3413,2: Victoria
3414,2: Victoria
3415,2: Victoria
3418,2: Victoria
3419,2: Victoria
3420,2: Victoria
3423,2: Victoria
3424,2: Victoria
3427,2: Victoria
3428,2: Victoria
3429,2: Victoria
3430,2: Victoria
3431,2: Victoria
3432,2: Victoria
3433,2: Victoria
3434,2: Victoria
3435,2: Victoria
3437,2: Victoria
3438,2: Victoria
3440,2: Victoria
3441,2: Victoria
3442,2: Victoria
3444,2: Victoria
3446,2: Victoria
3447,2: Victoria
3448,2: Victoria
3450,2: Victoria
3451,2: Victoria
3453,2: Victoria
3458,2: Victoria
3460,2: Victoria
3461,2: Victoria
3462,2: Victoria
3463,2: Victoria
3464,2: Victoria
3465,2: Victoria
3467,2: Victoria
3468,2: Victoria
3469,2: Victoria
3472,2: Victoria
3475,2: Victoria
3477,2: Victoria
3478,2: Victoria
3480,2: Victoria
3482,2: Victoria
3483,2: Victoria
3485,2: Victoria
3487,2: Victoria
3488,2: Victoria
3489,2: Victoria
3490,2: Victoria
3491,2: Victoria
3494,2: Victoria
3496,2: Victoria
3498,2: Victoria
3500,2: Victoria
3501,2: Victoria
3505,2: Victoria
3506,2: Victoria
3507,2: Victoria
3509,2: Victoria
3512,2: Victoria
3515,2: Victoria
3516,2: Victoria
3517,2: Victoria
3518,2: Victoria
3520,2: Victoria
3521,2: Victoria
3522,2: Victoria
3523,2: Victoria
3525,2: Victoria
3527,2: Victoria
3529,2: Victoria
3530,2: Victoria
3531,2: Victoria
3533,2: Victoria
3537,2: Victoria
3540,2: Victoria
3542,2: Victoria
3544,2: Victoria
3546,2: Victoria
3549,2: Victoria
3550,2: Victoria
3551,2: Victoria
3555,2: Victoria
3556,2: Victoria
3557,2: Victoria
3558,2: Victoria
3559,2: Victoria
3561,2: Victoria
3562,2: Victoria
3563,2: Victoria
3564,2: Victoria
3565,2: Victoria
3566,2: Victoria
3567,2: Victoria
3568,2: Victoria
3570,2: Victoria
3571,2: Victoria
3572,2: Victoria
3573,2: Victoria
3575,2: Victoria
3576,2: Victoria
3579,2: Victoria
3580,2: Victoria
3581,2: Victoria
3583,2: Victoria
3584,2: Victoria
3585,2: Victoria
3586,2: Victoria
3588,2: Victoria
3589,2: Victoria
3590,2: Victoria
3591,2: Victoria
3594,2: Victoria
3595,2: Victoria
3596,2: Victoria
3597,2: Victoria
3599,2: Victoria
3607,2: Victoria
3608,2: Victoria
3610,2: Victoria
3612,2: Victoria
3614,2: Victoria
3616,2: Victoria
3617,2: Victoria
3618,2: Victoria
3620,2: Victoria
3621,2: Victoria
3622,2: Victoria
3623,2: Victoria
3624,2: Victoria
3629,2: Victoria
3630,2: Victoria
3631,2: Victoria
3633,2: Victoria
3634,2: Victoria
3635,2: Victoria
3636,2: Victoria
3637,2: Victoria
3638,2: Victoria
3639,2: Victoria
3640,2: Victoria
3641,2: Victoria
3644,2: Victoria
3646,2: Victoria
3647,2: Victoria
3649,2: Victoria
3658,2: Victoria
3659,2: Victoria
3660,2: Victoria
3662,2: Victoria
3663,2: Victoria
3664,2: Victoria
3665,2: Victoria
3666,2: Victoria
3669,2: Victoria
3670,2: Victoria
3672,2: Victoria
3673,2: Victoria
3675,2: Victoria
3677,2: Victoria
3678,2: Victoria
3682,2: Victoria
3683,2: Victoria
3685,2: Victoria
3687,2: Victoria
3688,2: Victoria
3690,2: Victoria
3691,2: Victoria
3695,2: Victoria
3697,2: Victoria
3698,2: Victoria
3699,2: Victoria
3700,2: Victoria
3701,2: Victoria
3704,2: Victoria
3705,2: Victoria
3707,2: Victoria
3708,2: Victoria
3709,2: Victoria
3711,2: Victoria
3712,2: Victoria
3713,2: Victoria
3714,2: Victoria
3715,2: Victoria
3717,2: Victoria
3718,2: Victoria
3719,2: Victoria
3720,2: Victoria
3722,2: Victoria
3723,2: Victoria
3725,2: Victoria
3726,2: Victoria
3727,2: Victoria
3728,2: Victoria
3730,2: Victoria
3732,2: Victoria
3733,2: Victoria
3735,2: Victoria
3737,2: Victoria
3738,2: Victoria
3739,2: Victoria
3740,2: Victoria
3741,2: Victoria
3744,2: Victoria
3746,2: Victoria
3747,2: Victoria
3749,2: Victoria
3750,2: Victoria
3751,2: Victoria
3752,2: Victoria
3753,2: Victoria
3754,2: Victoria
3755,2: Victoria
3756,2: Victoria
3757,2: Victoria
3758,2: Victoria
3759,2: Victoria
3760,2: Victoria
3761,2: Victoria
3762,2: Victoria
3763,2: Victoria
3764,2: Victoria
3765,2: Victoria
3766,2: Victoria
3767,2: Victoria
3770,2: Victoria
3775,2: Victoria
3777,2: Victoria
3778,2: Victoria
3779,2: Victoria
3781,2: Victoria
3782,2: Victoria
3783,2: Victoria
3785,2: Victoria
3786,2: Victoria
3787,2: Victoria
3788,2: Victoria
3789,2: Victoria
3791,2: Victoria
3792,2: Victoria
3793,2: Victoria
3795,2: Victoria
3796,2: Victoria
3797,2: Victoria
3799,2: Victoria
3802,2: Victoria
3803,2: Victoria
3804,2: Victoria
3805,2: Victoria
3806,2: Victoria
3807,2: Victoria
3808,2: Victoria
3809,2: Victoria
3810,2: Victoria
3812,2: Victoria
3813,2: Victoria
3814,2: Victoria
3815,2: Victoria
3816,2: Victoria
3818,2: Victoria
3820,2: Victoria
3821,2: Victoria
3822,2: Victoria
3823,2: Victoria
3824,2: Victoria
3825,2: Victoria
3831,2: Victoria
3832,2: Victoria
3833,2: Victoria
3835,2: Victoria
3840,2: Victoria
3842,2: Victoria
3844,2: Victoria
3847,2: Victoria
3850,2: Victoria
3851,2: Victoria
3852,2: Victoria
3854,2: Victoria
3856,2: Victoria
3857,2: Victoria
3858,2: Victoria
3859,2: Victoria
3860,2: Victoria
3862,2: Victoria
3864,2: Victoria
3865,2: Victoria
3869,2: Victoria
3870,2: Victoria
3871,2: Victoria
3873,2: Victoria
3874,2: Victoria
3875,2: Victoria
3878,2: Victoria
3880,2: Victoria
3882,2: Victoria
3885,2: Victoria
3886,2: Victoria
3887,2: Victoria
3888,2: Victoria
3889,2: Victoria
3890,2: Victoria
3891,2: Victoria
3892,2: Victoria
3893,2: Victoria
3895,2: Victoria
3896,2: Victoria
3898,2: Victoria
3900,2: Victoria
3902,2: Victoria
3903,2: Victoria
3904,2: Victoria
3909,2: Victoria
3910,2: Victoria
3911,2: Victoria
3912,2: Victoria
3913,2: Victoria
3915,2: Victoria
3916,2: Victoria
3918,2: Victoria
3919,2: Victoria
3920,2: Victoria
3921,2: Victoria
3922,2: Victoria
3923,2: Victoria
3925,2: Victoria
3926,2: Victoria
3927,2: Victoria
3928,2: Victoria
3929,2: Victoria
3930,2: Victoria
3931,2: Victoria
3933,2: Victoria
3934,2: Victoria
3936,2: Victoria
3937,2: Victoria
3938,2: Victoria
3939,2: Victoria
3940,2: Victoria
3941,2: Victoria
3942,2: Victoria
3943,2: Victoria
3944,2: Victoria
3945,2: Victoria
3946,2: Victoria
3950,2: Victoria
3951,2: Victoria
3953,2: Victoria
3954,2: Victoria
3956,2: Victoria
3957,2: Victoria
3958,2: Victoria
3959,2: Victoria
3960,2: Victoria
3962,2: Victoria
3964,2: Victoria
3965,2: Victoria
3966,2: Victoria
3967,2: Victoria
3971,2: Victoria
3975,2: Victoria
3976,2: Victoria
3977,2: Victoria
3978,2: Victoria
3979,2: Victoria
3980,2: Victoria
3981,2: Victoria
3984,2: Victoria
3987,2: Victoria
3988,2: Victoria
3990,2: Victoria
3991,2: Victoria
3992,2: Victoria
3995,2: Victoria
3996,2: Victoria
4000,3: Queensland
4005,3: Queensland
4006,3: Queensland
4007,3: Queensland
4008,3: Queensland
4009,3: Queensland
4010,3: Queensland
4011,3: Queensland
4012,3: Queensland
4013,3: Queensland
4014,3: Queensland
4017,3: Queensland
4018,3: Queensland
4019,3: Queensland
4020,3: Queensland
4021,3: Queensland
4022,3: Queensland
4025,3: Queensland
4030,3: Queensland
4031,3: Queensland
4032,3: Queensland
4034,3: Queensland
4035,3: Queensland
4036,3: Queensland
4037,3: Queensland
4051,3: Queensland
4053,3: Queensland
4054,3: Queensland
4055,3: Queensland
4059,3: Queensland
4060,3: Queensland
4061,3: Queensland
4064,3: Queensland
4065,3: Queensland
4066,3: Queensland
4067,3: Queensland
4068,3: Queensland
4069,3: Queensland
4070,3: Queensland
4073,3: Queensland
4074,3: Queensland
4075,3: Queensland
4076,3: Queensland
4077,3: Queensland
4078,3: Queensland
4101,3: Queensland
4102,3: Queensland
4103,3: Queensland
4104,3: Queensland
4105,3: Queensland
4106,3: Queensland
4107,3: Queensland
4108,3: Queensland
4109,3: Queensland
4110,3: Queensland
4111,3: Queensland
4112,3: Queensland
4113,3: Queensland
4114,3: Queensland
4115,3: Queensland
4116,3: Queensland
4117,3: Queensland
4118,3: Queensland
4119,3: Queensland
4120,3: Queensland
4121,3: Queensland
4122,3: Queensland
4123,3: Queensland
4124,3: Queensland
4125,3: Queensland
4127,3: Queensland
4128,3: Queensland
4129,3: Queensland
4130,3: Queensland
4131,3: Queensland
4132,3: Queensland
4133,3: Queensland
4151,3: Queensland
4152,3: Queensland
4153,3: Queensland
4154,3: Queensland
4155,3: Queensland
4156,3: Queensland
4157,3: Queensland
4158,3: Queensland
4159,3: Queensland
4160,3: Queensland
4161,3: Queensland
4163,3: Queensland
4164,3: Queensland
4165,3: Queensland
4169,3: Queensland
4170,3: Queensland
4171,3: Queensland
4172,3: Queensland
4173,3: Queensland
4174,3: Queensland
4178,3: Queensland
4179,3: Queensland
4183,3: Queensland
4184,3: Queensland
4205,3: Queensland
4207,3: Queensland
4208,3: Queensland
4209,3: Queensland
4210,3: Queensland
4211,3: Queensland
4212,3: Queensland
4213,3: Queensland
4214,3: Queensland
4215,3: Queensland
4216,3: Queensland
4217,3: Queensland
4218,3: Queensland
4220,3: Queensland
4221,3: Queensland
4223,3: Queensland
4224,3: Queensland
4225,3: Queensland
4226,3: Queensland
4227,3: Queensland
4228,3: Queensland
4270,3: Queensland
4272,3: Queensland
4275,3: Queensland
4280,3: Queensland
4285,3: Queensland
4287,3: Queensland
4300,3: Queensland
4301,3: Queensland
4303,3: Queensland
4304,3: Queensland
4305,3: Queensland
4306,3: Queensland
4307,3: Queensland
4309,3: Queensland
4310,3: Queensland
4311,3: Queensland
4312,3: Queensland
4313,3: Queensland
4314,3: Queensland
4340,3: Queensland
4341,3: Queensland
4342,3: Queensland
4343,3: Queensland
4344,3: Queensland
4346,3: Queensland
4347,3: Queensland
4350,3: Queensland
4352,3: Queensland
4353,3: Queensland
4354,3: Queensland
4355,3: Queensland
4356,3: Queensland
4357,3: Queensland
4358,3: Queensland
4359,3: Queensland
4360,3: Queensland
4361,3: Queensland
4362,3: Queensland
4363,3: Queensland
4364,3: Queensland
4365,3: Queensland
4370,3: Queensland
4371,3: Queensland
4372,3: Queensland
4373,3: Queensland
4374,3: Queensland
4375,3: Queensland
4376,3: Queensland
4377,3: Queensland
4378,3: Queensland
4380,3: Queensland
4381,3: Queensland
4382,3: Queensland
4383,3: Queensland
4384,3: Queensland
4385,3: Queensland
4387,3: Queensland
4388,3: Queensland
4390,3: Queensland
4400,3: Queensland
4401,3: Queensland
4402,3: Queensland
4403,3: Queensland
4404,3: Queensland
4405,3: Queensland
4406,3: Queensland
4407,3: Queensland
4408,3: Queensland
4410,3: Queensland
4411,3: Queensland
4412,3: Queensland
4413,3: Queensland
4415,3: Queensland
4416,3: Queensland
4417,3: Queensland
4418,3: Queensland
4419,3: Queensland
4420,3: Queensland
4421,3: Queensland
4422,3: Queensland
4423,3: Queensland
4424,3: Queensland
4425,3: Queensland
4426,3: Queensland
4427,3: Queensland
4428,3: Queensland
4454,3: Queensland
4455,3: Queensland
4461,3: Queensland
4462,3: Queensland
4465,3: Queensland
4467,3: Queensland
4468,3: Queensland
4470,3: Queensland
4472,3: Queensland
4474,3: Queensland
4477,3: Queensland
4478,3: Queensland
4479,3: Queensland
4480,3: Queensland
4481,3: Queensland
4482,3: Queensland
4486,3: Queensland
4487,3: Queensland
4488,3: Queensland
4489,3: Queensland
4490,3: Queensland
4491,3: Queensland
4492,3: Queensland
4493,3: Queensland
4494,3: Queensland
4496,3: Queensland
4497,3: Queensland
4498,3: Queensland
4500,3: Queensland
4501,3: Queensland
4502,3: Queensland
4503,3: Queensland
4504,3: Queensland
4505,3: Queensland
4506,3: Queensland
4507,3: Queensland
4508,3: Queensland
4509,3: Queensland
4510,3: Queensland
4511,3: Queensland
4512,3: Queensland
4514,3: Queensland
4515,3: Queensland
4516,3: Queensland
4517,3: Queensland
4518,3: Queensland
4519,3: Queensland
4520,3: Queensland
4521,3: Queensland
4550,3: Queensland
4551,3: Queensland
4552,3: Queensland
4553,3: Queensland
4554,3: Queensland
4555,3: Queensland
4556,3: Queensland
4557,3: Queensland
4558,3: Queensland
4559,3: Queensland
4560,3: Queensland
4561,3: Queensland
4562,3: Queensland
4563,3: Queensland
4564,3: Queensland
4565,3: Queensland
4566,3: Queensland
4567,3: Queensland
4568,3: Queensland
4569,3: Queensland
4570,3: Queensland
4571,3: Queensland
4572,3: Queensland
4573,3: Queensland
4574,3: Queensland
4575,3: Queensland
4580,3: Queensland
4581,3: Queensland
4600,3: Queensland
4601,3: Queensland
4605,3: Queensland
4606,3: Queensland
4608,3: Queensland
4610,3: Queensland
4611,3: Queensland
4612,3: Queensland
4613,3: Queensland
4614,3: Queensland
4615,3: Queensland
4620,3: Queensland
4621,3: Queensland
4625,3: Queensland
4626,3: Queensland
4627,3: Queensland
4630,3: Queensland
4650,3: Queensland
4655,3: Queensland
4659,3: Queensland
4660,3: Queensland
4662,3: Queensland
4670,3: Queensland
4671,3: Queensland
4673,3: Queensland
4674,3: Queensland
4676,3: Queensland
4677,3: Queensland
4678,3: Queensland
4680,3: Queensland
4694,3: Queensland
4695,3: Queensland
4697,3: Queensland
4699,3: Queensland
4700,3: Queensland
4701,3: Queensland
4702,3: Queensland
4703,3: Queensland
4704,3: Queensland
4705,3: Queensland
4706,3: Queensland
4707,3: Queensland
4709,3: Queensland
4710,3: Queensland
4711,3: Queensland
4712,3: Queensland
4713,3: Queensland
4714,3: Queensland
4715,3: Queensland
4716,3: Queensland
4717,3: Queensland
4718,3: Queensland
4719,3: Queensland
4720,3: Queensland
4721,3: Queensland
4722,3: Queensland
4723,3: Queensland
4724,3: Queensland
4725,3: Queensland
4726,3: Queensland
4727,3: Queensland
4728,3: Queensland
4730,3: Queensland
4731,3: Queensland
4732,3: Queensland
4733,3: Queensland
4735,3: Queensland
4736,3: Queensland
4737,3: Queensland
4738,3: Queensland
4739,3: Queensland
4740,3: Queensland
4741,3: Queensland
4742,3: Queensland
4743,3: Queensland
4744,3: Queensland
4745,3: Queensland
4746,3: Queensland
4750,3: Queensland
4751,3: Queensland
4753,3: Queensland
4754,3: Queensland
4756,3: Queensland
4757,3: Queensland
4798,3: Queensland
4799,3: Queensland
4800,3: Queensland
4802,3: Queensland
4804,3: Queensland
4805,3: Queensland
4806,3: Queensland
4807,3: Queensland
4808,3: Queensland
4809,3: Queensland
4810,3: Queensland
4811,3: Queensland
4812,3: Queensland
4814,3: Queensland
4815,3: Queensland
4816,3: Queensland
4817,3: Queensland
4818,3: Queensland
4819,3: Queensland
4820,3: Queensland
4821,3: Queensland
4822,3: Queensland
4823,3: Queensland
4824,3: Queensland
4825,3: Queensland
4828,3: Queensland
4829,3: Queensland
4830,3: Queensland
4849,3: Queensland
4850,3: Queensland
4852,3: Queensland
4854,3: Queensland
4855,3: Queensland
4856,3: Queensland
4858,3: Queensland
4859,3: Queensland
4860,3: Queensland
4861,3: Queensland
4865,3: Queensland
4868,3: Queensland
4869,3: Queensland
4870,3: Queensland
4871,3: Queensland
4872,3: Queensland
4873,3: Queensland
4874,3: Queensland
4875,3: Queensland
4876,3: Queensland
4877,3: Queensland
4878,3: Queensland
4879,3: Queensland
4880,3: Queensland
4881,3: Queensland
4882,3: Queensland
4883,3: Queensland
4884,3: Queensland
4885,3: Queensland
4886,3: Queensland
4887,3: Queensland
4888,3: Queensland
4890,3: Queensland
4891,3: Queensland
4892,3: Queensland
4895,3: Queensland
5000,4: South Australia
5006,4: South Australia
5007,4: South Australia
5008,4: South Australia
5009,4: South Australia
5010,4: South Australia
5011,4: South Australia
5012,4: South Australia
5013,4: South Australia
5014,4: South Australia
5015,4: South Australia
5016,4: South Australia
5017,4: South Australia
5018,4: South Australia
5019,4: South Australia
5020,4: South Australia
5021,4: South Australia
5022,4: South Australia
5023,4: South Australia
5024,4: South Australia
5025,4: South Australia
5031,4: South Australia
5032,4: South Australia
5033,4: South Australia
5034,4: South Australia
5035,4: South Australia
5037,4: South Australia
5038,4: South Australia
5039,4: South Australia
5040,4: South Australia
5041,4: South Australia
5042,4: South Australia
5043,4: South Australia
5044,4: South Australia
5045,4: South Australia
5046,4: South Australia
5047,4: South Australia
5048,4: South Australia
5049,4: South Australia
5050,4: South Australia
5051,4: South Australia
5052,4: South Australia
5061,4: South Australia
5062,4: South Australia
5063,4: South Australia
5064,4: South Australia
5065,4: South Australia
5066,4: South Australia
5067,4: South Australia
5068,4: South Australia
5069,4: South Australia
5070,4: South Australia
5072,4: South Australia
5073,4: South Australia
5074,4: South Australia
5075,4: South Australia
5076,4: South Australia
5081,4: South Australia
5082,4: South Australia
5083,4: South Australia
5084,4: South Australia
5085,4: South Australia
5086,4: South Australia
5087,4: South Australia
5088,4: South Australia
5089,4: South Australia
5090,4: South Australia
5091,4: South Australia
5092,4: South Australia
5093,4: South Australia
5094,4: South Australia
5095,4: South Australia
5096,4: South Australia
5097,4: South Australia
5098,4: South Australia
5106,4: South Australia
5107,4: South Australia
5108,4: South Australia
5109,4: South Australia
5110,4: South Australia
5111,4: South Australia
5112,4: South Australia
5113,4: South Australia
5114,4: South Australia
5115,4: South Australia
5116,4: South Australia
5117,4: South Australia
5118,4: South Australia
5120,4: South Australia
5121,4: South Australia
5125,4: South Australia
5126,4: South Australia
5127,4: South Australia
5131,4: South Australia
5132,4: South Australia
5133,4: South Australia
5134,4: South Australia
5136,4: South Australia
5137,4: South Australia
5138,4: South Australia
5139,4: South Australia
5140,4: South Australia
5141,4: South Australia
5142,4: South Australia
5144,4: South Australia
5150,4: South Australia
5151,4: South Australia
5152,4: South Australia
5153,4: South Australia
5154,4: South Australia
5155,4: South Australia
5156,4: South Australia
5157,4: South Australia
5158,4: South Australia
5159,4: South Australia
5160,4: South Australia
5161,4: South Australia
5162,4: South Australia
5163,4: South Australia
5164,4: South Australia
5165,4: South Australia
5166,4: South Australia
5167,4: South Australia
5168,4: South Australia
5169,4: South Australia
5170,4: South Australia
5171,4: South Australia
5172,4: South Australia
5173,4: South Australia
5174,4: South Australia
5201,4: South Australia
5202,4: South Australia
5203,4: South Australia
5204,4: South Australia
5210,4: South Australia
5211,4: South Australia
5212,4: South Australia
5213,4: South Australia
5214,4: South Australia
5220,4: South Australia
5221,4: South Australia
5222,4: South Australia
5223,4: South Australia
5231,4: South Australia
5232,4: South Australia
5233,4: South Australia
5234,4: South Australia
5235,4: South Australia
5236,4: South Australia
5237,4: South Australia
5238,4: South Australia
5240,4: South Australia
5241,4: South Australia
5242,4: South Australia
5243,4: South Australia
5244,4: South Australia
5245,4: South Australia
5250,4: South Australia
5251,4: South Australia
5252,4: South Australia
5253,4: South Australia
5254,4: South Australia
5255,4: South Australia
5256,4: South Australia
5259,4: South Australia
5260,4: South Australia
5261,4: South Australia
5262,4: South Australia
5263,4: South Australia
5264,4: South Australia
5265,4: South Australia
5266,4: South Australia
5267,4: South Australia
5268,4: South Australia
5269,4: South Australia
5270,4: South Australia
5271,4: South Australia
5272,4: South Australia
5273,4: South Australia
5275,4: South Australia
5276,4: South Australia
5277,4: South Australia
5278,4: South Australia
5279,4: South Australia
5280,4: South Australia
5290,4: South Australia
5291,4: South Australia
5301,4: South Australia
5302,4: South Australia
5303,4: South Australia
5304,4: South Australia
5306,4: South Australia
5307,4: South Australia
5308,4: South Australia
5309,4: South Australia
5310,4: South Australia
5311,4: South Australia
5320,4: South Australia
5321,4: South Australia
5322,4: South Australia
5330,4: South Australia
5331,4: South Australia
5332,4: South Australia
5333,4: South Australia
5340,4: South Australia
5341,4: South Australia
5342,4: South Australia
5343,4: South Australia
5344,4: South Australia
5345,4: South Australia
5346,4: South Australia
5350,4: South Australia
5351,4: South Australia
5352,4: South Australia
5353,4: South Australia
5354,4: South Australia
5355,4: South Australia
5356,4: South Australia
5357,4: South Australia
5360,4: South Australia
5371,4: South Australia
5372,4: South Australia
5373,4: South Australia
5374,4: South Australia
5381,4: South Australia
5400,4: South Australia
5401,4: South Australia
5410,4: South Australia
5411,4: South Australia
5412,4: South Australia
5413,4: South Australia
5414,4: South Australia
5415,4: South Australia
5416,4: South Australia
5417,4: South Australia
5418,4: South Australia
5419,4: South Australia
5420,4: South Australia
5421,4: South Australia
5422,4: South Australia
5431,4: South Australia
5432,4: South Australia
5433,4: South Australia
5434,4: South Australia
5440,4: South Australia
5451,4: South Australia
5452,4: South Australia
5453,4: South Australia
5454,4: South Australia
5455,4: South Australia
5460,4: South Australia
5461,4: South Australia
5462,4: South Australia
5464,4: South Australia
5470,4: South Australia
5471,4: South Australia
5472,4: South Australia
5473,4: South Australia
5480,4: South Australia
5481,4: South Australia
5482,4: South Australia
5483,4: South Australia
5485,4: South Australia
5490,4: South Australia
5491,4: South Australia
5493,4: South Australia
5495,4: South Australia
5501,4: South Australia
5502,4: South Australia
5510,4: South Australia
5520,4: South Australia
5521,4: South Australia
5522,4: South Australia
5523,4: South Australia
5540,4: South Australia
5550,4: South Australia
5552,4: South Australia
5554,4: South Australia
5555,4: South Australia
5556,4: South Australia
5558,4: South Australia
5560,4: South Australia
5570,4: South Australia
5571,4: South Australia
5572,4: South Australia
5573,4: South Australia
5575,4: South Australia
5576,4: South Australia
5577,4: South Australia
5580,4: South Australia
5581,4: South Australia
5582,4: South Australia
5583,4: South Australia
5600,4: South Australia
5601,4: South Australia
5602,4: South Australia
5603,4: South Australia
5604,4: South Australia
5605,4: South Australia
5606,4: South Australia
5607,4: South Australia
5608,4: South Australia
5609,4: South Australia
5611,4: South Australia
5630,4: South Australia
5631,4: South Australia
5632,4: South Australia
5633,4: South Australia
5640,4: South Australia
5641,4: South Australia
5642,4: South Australia
5650,4: South Australia
5651,4: South Australia
5652,4: South Australia
5653,4: South Australia
5654,4: South Australia
5655,4: South Australia
5660,4: South Australia
5661,4: South Australia
5670,4: South Australia
5671,4: South Australia
5680,4: South Australia
5690,4: South Australia
5700,4: South Australia
5701,4: South Australia
5710,4: South Australia
5713,4: South Australia
5715,4: South Australia
5717,4: South Australia
5719,4: South Australia
5720,4: South Australia
5722,4: South Australia
5723,4: South Australia
5724,4: South Australia
5725,4: South Australia
5730,4: South Australia
5731,4: South Australia
5732,4: South Australia
5733,4: South Australia
5734,4: South Australia
5950,4: South Australia
6000,5: Western Australia
6003,5: Western Australia
6004,5: Western Australia
6005,5: Western Australia
6006,5: Western Australia
6007,5: Western Australia
6008,5: Western Australia
6009,5: Western Australia
6010,5: Western Australia
6011,5: Western Australia
6012,5: Western Australia
6014,5: Western Australia
6015,5: Western Australia
6016,5: Western Australia
6017,5: Western Australia
6018,5: Western Australia
6019,5: Western Australia
6020,5: Western Australia
6021,5: Western Australia
6022,5: Western Australia
6023,5: Western Australia
6024,5: Western Australia
6025,5: Western Australia
6026,5: Western Australia
6027,5: Western Australia
6028,5: Western Australia
6029,5: Western Australia
6030,5: Western Australia
6031,5: Western Australia
6032,5: Western Australia
6033,5: Western Australia
6034,5: Western Australia
6035,5: Western Australia
6036,5: Western Australia
6037,5: Western Australia
6038,5: Western Australia
6041,5: Western Australia
6042,5: Western Australia
6043,5: Western Australia
6044,5: Western Australia
6050,5: Western Australia
6051,5: Western Australia
6052,5: Western Australia
6053,5: Western Australia
6054,5: Western Australia
6055,5: Western Australia
6056,5: Western Australia
6057,5: Western Australia
6058,5: Western Australia
6059,5: Western Australia
6060,5: Western Australia
6061,5: Western Australia
6062,5: Western Australia
6063,5: Western Australia
6064,5: Western Australia
6065,5: Western Australia
6066,5: Western Australia
6067,5: Western Australia
6068,5: Western Australia
6069,5: Western Australia
6070,5: Western Australia
6071,5: Western Australia
6072,5: Western Australia
6073,5: Western Australia
6074,5: Western Australia
6076,5: Western Australia
6077,5: Western Australia
6078,5: Western Australia
6079,5: Western Australia
6081,5: Western Australia
6082,5: Western Australia
6083,5: Western Australia
6084,5: Western Australia
6090,5: Western Australia
6100,5: Western Australia
6101,5: Western Australia
6102,5: Western Australia
6103,5: Western Australia
6104,5: Western Australia
6105,5: Western Australia
6106,5: Western Australia
6107,5: Western Australia
6108,5: Western Australia
6109,5: Western Australia
6110,5: Western Australia
6111,5: Western Australia
6112,5: Western Australia
6121,5: Western Australia
6122,5: Western Australia
6123,5: Western Australia
6124,5: Western Australia
6125,5: Western Australia
6126,5: Western Australia
6147,5: Western Australia
6148,5: Western Australia
6149,5: Western Australia
6150,5: Western Australia
6151,5: Western Australia
6152,5: Western Australia
6153,5: Western Australia
6154,5: Western Australia
6155,5: Western Australia
6156,5: Western Australia
6157,5: Western Australia
6158,5: Western Australia
6159,5: Western Australia
6160,5: Western Australia
6161,5: Western Australia
6162,5: Western Australia
6163,5: Western Australia
6164,5: Western Australia
6165,5: Western Australia
6166,5: Western Australia
6167,5: Western Australia
6168,5: Western Australia
6169,5: Western Australia
6170,5: Western Australia
6171,5: Western Australia
6172,5: Western Australia
6173,5: Western Australia
6174,5: Western Australia
6175,5: Western Australia
6176,5: Western Australia
6180,5: Western Australia
6181,5: Western Australia
6182,5: Western Australia
6207,5: Western Australia
6208,5: Western Australia
6209,5: Western Australia
6210,5: Western Australia
6211,5: Western Australia
6213,5: Western Australia
6214,5: Western Australia
6215,5: Western Australia
6218,5: Western Australia
6219,5: Western Australia
6220,5: Western Australia
6221,5: Western Australia
6223,5: Western Australia
6224,5: Western Australia
6225,5: Western Australia
6226,5: Western Australia
6227,5: Western Australia
6228,5: Western Australia
6229,5: Western Australia
6230,5: Western Australia
6232,5: Western Australia
6233,5: Western Australia
6236,5: Western Australia
6237,5: Western Australia
6239,5: Western Australia
6240,5: Western Australia
6243,5: Western Australia
6244,5: Western Australia
6251,5: Western Australia
6252,5: Western Australia
6253,5: Western Australia
6254,5: Western Australia
6255,5: Western Australia
6256,5: Western Australia
6258,5: Western Australia
6260,5: Western Australia
6262,5: Western Australia
6271,5: Western Australia
6275,5: Western Australia
6280,5: Western Australia
6281,5: Western Australia
6282,5: Western Australia
6284,5: Western Australia
6285,5: Western Australia
6286,5: Western Australia
6288,5: Western Australia
6290,5: Western Australia
6302,5: Western Australia
6304,5: Western Australia
6306,5: Western Australia
6308,5: Western Australia
6309,5: Western Australia
6311,5: Western Australia
6312,5: Western Australia
6313,5: Western Australia
6315,5: Western Australia
6316,5: Western Australia
6317,5: Western Australia
6318,5: Western Australia
6320,5: Western Australia
6321,5: Western Australia
6322,5: Western Australia
6323,5: Western Australia
6324,5: Western Australia
6326,5: Western Australia
6327,5: Western Australia
6328,5: Western Australia
6330,5: Western Australia
6333,5: Western Australia
6335,5: Western Australia
6336,5: Western Australia
6337,5: Western Australia
6338,5: Western Australia
6341,5: Western Australia
6343,5: Western Australia
6346,5: Western Australia
6348,5: Western Australia
6350,5: Western Australia
6351,5: Western Australia
6352,5: Western Australia
6353,5: Western Australia
6355,5: Western Australia
6356,5: Western Australia
6357,5: Western Australia
6358,5: Western Australia
6359,5: Western Australia
6361,5: Western Australia
6363,5: Western Australia
6365,5: Western Australia
6367,5: Western Australia
6368,5: Western Australia
6369,5: Western Australia
6370,5: Western Australia
6372,5: Western Australia
6373,5: Western Australia
6375,5: Western Australia
6383,5: Western Australia
6384,5: Western Australia
6385,5: Western Australia
6386,5: Western Australia
6390,5: Western Australia
6391,5: Western Australia
6392,5: Western Australia
6393,5: Western Australia
6394,5: Western Australia
6395,5: Western Australia
6396,5: Western Australia
6397,5: Western Australia
6398,5: Western Australia
6401,5: Western Australia
6403,5: Western Australia
6405,5: Western Australia
6407,5: Western Australia
6409,5: Western Australia
6410,5: Western Australia
6411,5: Western Australia
6412,5: Western Australia
6413,5: Western Australia
6414,5: Western Australia
6415,5: Western Australia
6418,5: Western Australia
6419,5: Western Australia
6420,5: Western Australia
6421,5: Western Australia
6422,5: Western Australia
6423,5: Western Australia
6424,5: Western Australia
6425,5: Western Australia
6426,5: Western Australia
6427,5: Western Australia
6428,5: Western Australia
6429,5: Western Australia
6430,5: Western Australia
6431,5: Western Australia
6432,5: Western Australia
6434,5: Western Australia
6436,5: Western Australia
6437,5: Western Australia
6438,5: Western Australia
6440,5: Western Australia
6442,5: Western Australia
6443,5: Western Australia
6445,5: Western Australia
6446,5: Western Australia
6447,5: Western Australia
6448,5: Western Australia
6450,5: Western Australia
6452,5: Western Australia
6460,5: Western Australia
6461,5: Western Australia
6462,5: Western Australia
6463,5: Western Australia
6465,5: Western Australia
6466,5: Western Australia
6467,5: Western Australia
6468,5: Western Australia
6470,5: Western Australia
6472,5: Western Australia
6473,5: Western Australia
6475,5: Western Australia
6476,5: Western Australia
6477,5: Western Australia
6479,5: Western Australia
6480,5: Western Australia
6484,5: Western Australia
6485,5: Western Australia
6487,5: Western Australia
6488,5: Western Australia
6489,5: Western Australia
6490,5: Western Australia
6501,5: Western Australia
6502,5: Western Australia
6503,5: Western Australia
6504,5: Western Australia
6505,5: Western Australia
6506,5: Western Australia
6507,5: Western Australia
6509,5: Western Australia
6510,5: Western Australia
6511,5: Western Australia
6512,5: Western Australia
6513,5: Western Australia
6514,5: Western Australia
6515,5: Western Australia
6516,5: Western Australia
6517,5: Western Australia
6518,5: Western Australia
6519,5: Western Australia
6521,5: Western Australia
6522,5: Western Australia
6525,5: Western Australia
6528,5: Western Australia
6530,5: Western Australia
6532,5: Western Australia
6535,5: Western Australia
6536,5: Western Australia
6537,5: Western Australia
6556,5: Western Australia
6558,5: Western Australia
6560,5: Western Australia
6562,5: Western Australia
6564,5: Western Australia
6566,5: Western Australia
6567,5: Western Australia
6568,5: Western Australia
6569,5: Western Australia
6571,5: Western Australia
6572,5: Western Australia
6574,5: Western Australia
6575,5: Western Australia
6603,5: Western Australia
6605,5: Western Australia
6606,5: Western Australia
6608,5: Western Australia
6609,5: Western Australia
6612,5: Western Australia
6613,5: Western Australia
6614,5: Western Australia
6616,5: Western Australia
6620,5: Western Australia
6623,5: Western Australia
6625,5: Western Australia
6627,5: Western Australia
6628,5: Western Australia
6630,5: Western Australia
6631,5: Western Australia
6632,5: Western Australia
6635,5: Western Australia
6638,5: Western Australia
6639,5: Western Australia
6640,5: Western Australia
6642,5: Western Australia
6646,5: Western Australia
6701,5: Western Australia
6705,5: Western Australia
6707,5: Western Australia
6710,5: Western Australia
6712,5: Western Australia
6713,5: Western Australia
6714,5: Western Australia
6716,5: Western Australia
6718,5: Western Australia
6720,5: Western Australia
6721,5: Western Australia
6722,5: Western Australia
6725,5: Western Australia
6726,5: Western Australia
6728,5: Western Australia
6740,5: Western Australia
6743,5: Western Australia
6751,5: Western Australia
6753,5: Western Australia
6754,5: Western Australia
6758,5: Western Australia
6760,5: Western Australia
6762,5: Western Australia
6765,5: Western Australia
6770,5: Western Australia
6798,9: Other Territories
6799,9: Other Territories
7000,6: Tasmania
7004,6: Tasmania
7005,6: Tasmania
7007,6: Tasmania
7008,6: Tasmania
7009,6: Tasmania
7010,6: Tasmania
7011,6: Tasmania
7012,6: Tasmania
7015,6: Tasmania
7016,6: Tasmania
7017,6: Tasmania
7018,6: Tasmania
7019,6: Tasmania
7020,6: Tasmania
7021,6: Tasmania
7022,6: Tasmania
7023,6: Tasmania
7024,6: Tasmania
7025,6: Tasmania
7026,6: Tasmania
7027,6: Tasmania
7030,6: Tasmania
7050,6: Tasmania
7052,6: Tasmania
7053,6: Tasmania
7054,6: Tasmania
7055,6: Tasmania
7109,6: Tasmania
7112,6: Tasmania
7113,6: Tasmania
7116,6: Tasmania
7117,6: Tasmania
7119,6: Tasmania
7120,6: Tasmania
7139,6: Tasmania
7140,6: Tasmania
7150,6: Tasmania
7155,6: Tasmania
7162,6: Tasmania
7163,6: Tasmania
7170,6: Tasmania
7171,6: Tasmania
7172,6: Tasmania
7173,6: Tasmania
7174,6: Tasmania
7175,6: Tasmania
7176,6: Tasmania
7177,6: Tasmania
7178,6: Tasmania
7179,6: Tasmania
7180,6: Tasmania
7182,6: Tasmania
7183,6: Tasmania
7184,6: Tasmania
7185,6: Tasmania
7186,6: Tasmania
7187,6: Tasmania
7190,6: Tasmania
7209,6: Tasmania
7210,6: Tasmania
7211,6: Tasmania
7212,6: Tasmania
7213,6: Tasmania
7214,6: Tasmania
7215,6: Tasmania
7216,6: Tasmania
7248,6: Tasmania
7249,6: Tasmania
7250,6: Tasmania
7252,6: Tasmania
7253,6: Tasmania
7254,6: Tasmania
7255,6: Tasmania
7256,6: Tasmania
7257,6: Tasmania
7258,6: Tasmania
7259,6: Tasmania
7260,6: Tasmania
7261,6: Tasmania
7262,6: Tasmania
7263,6: Tasmania
7264,6: Tasmania
7265,6: Tasmania
7267,6: Tasmania
7268,6: Tasmania
7270,6: Tasmania
7275,6: Tasmania
7276,6: Tasmania
7277,6: Tasmania
7290,6: Tasmania
7291,6: Tasmania
7292,6: Tasmania
7300,6: Tasmania
7301,6: Tasmania
7302,6: Tasmania
7303,6: Tasmania
7304,6: Tasmania
7305,6: Tasmania
7306,6: Tasmania
7307,6: Tasmania
7310,6: Tasmania
7315,6: Tasmania
7316,6: Tasmania
7320,6: Tasmania
7321,6: Tasmania
7322,6: Tasmania
7325,6: Tasmania
7330,6: Tasmania
7331,6: Tasmania
7466,6: Tasmania
7467,6: Tasmania
7468,6: Tasmania
7469,6: Tasmania
7470,6: Tasmania
